start,1508875653322147
end,1508875653329451
start,1508875653329565
end,1508875653329740
start,1508875653329800
end,1508875653329924
start,1508875653329997
end,1508875653330104
start,1508875653330130
end,1508875653330237
start,1508875653330321
end,1508875653330413
start,1508875653330445
end,1508875653330566
start,1508875653330668
end,1508875653330754
start,1508875653330782
end,1508875653330882
start,1508875653330963
end,1508875653331070
start,1508875653335968
end,1508875653336079
start,1508875653336136
end,1508875653336252
start,1508875653336302
end,1508875653336406
start,1508875653336485
end,1508875653336566
start,1508875653341866
end,1508875653342004
start,1508875653342125
end,1508875653342246
start,1508875653342268
end,1508875653342371
start,1508875653342460
end,1508875653342545
start,1508875653342576
end,1508875653342663
start,1508875653342816
end,1508875653343053
start,1508875653343079
end,1508875653343170
start,1508875653343276
end,1508875653343357
start,1508875653343381
end,1508875653343477
start,1508875653351411
end,1508875653351535
start,1508875653354181
end,1508875653354286
start,1508875653354362
end,1508875653354490
start,1508875653354543
end,1508875653354631
start,1508875653354728
end,1508875653354808
start,1508875653354851
end,1508875653354926
start,1508875653355013
end,1508875653355132
start,1508875653355156
end,1508875653355239
start,1508875653355329
end,1508875653355413
start,1508875653355445
end,1508875653355530
start,1508875653355602
end,1508875653355686
start,1508875653355711
end,1508875653355788
start,1508875653355863
end,1508875653355941
start,1508875653355974
end,1508875653356065
start,1508875653356161
end,1508875653356353
start,1508875653356371
end,1508875653364873
start,1508875653365037
end,1508875653365160
start,1508875653365179
end,1508875653365284
start,1508875653365374
end,1508875653365544
start,1508875653369639
end,1508875653369761
start,1508875653369868
end,1508875653369938
start,1508875653369969
end,1508875653370063
start,1508875653374628
end,1508875653374875
start,1508875653378848
end,1508875653378942
start,1508875653381099
end,1508875653381286
start,1508875653381308
end,1508875653381487
start,1508875653381588
end,1508875653381793
start,1508875653381818
end,1508875653381942
start,1508875653382025
end,1508875653382227
start,1508875653382252
end,1508875653382337
start,1508875653382434
end,1508875653382543
start,1508875653387360
end,1508875653387492
start,1508875653387575
end,1508875653394104
start,1508875653394155
end,1508875653394369
start,1508875653394451
end,1508875653394584
start,1508875653394640
end,1508875653394708
start,1508875653395001
end,1508875653395139
start,1508875653395162
end,1508875653395246
start,1508875653395342
end,1508875653395433
start,1508875653395456
end,1508875653395522
start,1508875653395608
end,1508875653395689
start,1508875653395713
end,1508875653395786
start,1508875653395871
end,1508875653395936
start,1508875653395958
end,1508875653396022
start,1508875653396111
end,1508875653396185
start,1508875653396208
end,1508875653396272
start,1508875653396334
end,1508875653396410
start,1508875653396432
end,1508875653396486
start,1508875653396543
end,1508875653396617
start,1508875653396642
end,1508875653396716
start,1508875653396776
end,1508875653396846
start,1508875653396870
end,1508875653396940
start,1508875653397040
end,1508875653397106
start,1508875653397139
end,1508875653397212
start,1508875653397320
end,1508875653397389
start,1508875653397412
end,1508875653397481
start,1508875653397574
end,1508875653397650
start,1508875653397674
end,1508875653397739
start,1508875653397923
end,1508875653397998
start,1508875653398037
end,1508875653398112
start,1508875653398232
end,1508875653398302
start,1508875653398326
end,1508875653398397
start,1508875653398500
end,1508875653398569
start,1508875653398593
end,1508875653398666
start,1508875653399079
end,1508875653399218
start,1508875653399242
end,1508875653399314
start,1508875653399418
end,1508875653399489
start,1508875653399517
end,1508875653399593
start,1508875653399695
end,1508875653399770
start,1508875653399802
end,1508875653399866
start,1508875653399971
end,1508875653400054
start,1508875653400088
end,1508875653400167
start,1508875653400271
end,1508875653400335
start,1508875653400364
end,1508875653400428
start,1508875653400525
end,1508875653400586
start,1508875653400609
end,1508875653400676
start,1508875653400790
end,1508875653400855
start,1508875653400879
end,1508875653400950
start,1508875653401101
end,1508875653401171
start,1508875653401195
end,1508875653401265
start,1508875653401413
end,1508875653401474
start,1508875653401500
end,1508875653401583
start,1508875653401696
end,1508875653401764
start,1508875653401788
end,1508875653401851
start,1508875653402391
end,1508875653402515
start,1508875653402539
end,1508875653402618
start,1508875653402715
end,1508875653402782
start,1508875653402809
end,1508875653402888
start,1508875653402998
end,1508875653403069
start,1508875653403093
end,1508875653403157
start,1508875653403373
end,1508875653403546
start,1508875653403575
end,1508875653403645
start,1508875653403738
end,1508875653403818
start,1508875653403843
end,1508875653403915
start,1508875653404017
end,1508875653404081
start,1508875653404104
end,1508875653404174
start,1508875653404250
end,1508875653404409
start,1508875653404441
end,1508875653404511
start,1508875653404630
end,1508875653404694
start,1508875653404718
end,1508875653404785
start,1508875653404900
end,1508875653404966
start,1508875653404990
end,1508875653405085
start,1508875653405193
end,1508875653405249
start,1508875653405272
end,1508875653405335
start,1508875653405505
end,1508875653405656
start,1508875653405688
end,1508875653405761
start,1508875653405857
end,1508875653405922
start,1508875653405943
end,1508875653406005
start,1508875653406118
end,1508875653406181
start,1508875653406203
end,1508875653406262
start,1508875653406360
end,1508875653406424
start,1508875653406447
end,1508875653406512
start,1508875653406623
end,1508875653406689
start,1508875653406712
end,1508875653406780
start,1508875653406882
end,1508875653406940
start,1508875653406971
end,1508875653407040
start,1508875653407142
end,1508875653407210
start,1508875653407233
end,1508875653407296
start,1508875653407402
end,1508875653407474
start,1508875653407497
end,1508875653407588
start,1508875653407710
end,1508875653407773
start,1508875653407796
end,1508875653407867
start,1508875653407978
end,1508875653408039
start,1508875653408062
end,1508875653408118
start,1508875653408426
end,1508875653408579
start,1508875653408603
end,1508875653408668
start,1508875653408801
end,1508875653408870
start,1508875653408896
end,1508875653408965
start,1508875653409140
end,1508875653409218
start,1508875653409249
end,1508875653409312
start,1508875653409434
end,1508875653409500
start,1508875653409530
end,1508875653409596
start,1508875653409697
end,1508875653409760
start,1508875653409783
end,1508875653409842
start,1508875653409941
end,1508875653410010
start,1508875653410033
end,1508875653410101
start,1508875653410213
end,1508875653410279
start,1508875653410308
end,1508875653410376
start,1508875653410493
end,1508875653410563
start,1508875653410586
end,1508875653410650
start,1508875653410777
end,1508875653410851
start,1508875653410874
end,1508875653410959
start,1508875653411065
end,1508875653411121
start,1508875653411144
end,1508875653411208
start,1508875653411637
end,1508875653411785
start,1508875653411809
end,1508875653411881
start,1508875653411998
end,1508875653412062
start,1508875653412092
end,1508875653412163
start,1508875653412299
end,1508875653412371
start,1508875653412395
end,1508875653412463
start,1508875653412664
end,1508875653412721
start,1508875653412744
end,1508875653412805
start,1508875653412966
end,1508875653413110
start,1508875653413134
end,1508875653413204
start,1508875653413355
end,1508875653413422
start,1508875653413445
end,1508875653413511
start,1508875653413694
end,1508875653413762
start,1508875653413786
end,1508875653413858
start,1508875653414011
end,1508875653414078
start,1508875653414099
end,1508875653414167
start,1508875653414279
end,1508875653414345
start,1508875653414369
end,1508875653414433
start,1508875653414614
end,1508875653414674
start,1508875653414701
end,1508875653414781
start,1508875653415393
end,1508875653415461
start,1508875653421102
end,1508875653421244
start,1508875653421433
end,1508875653422885
start,1508875653422933
end,1508875653423009
start,1508875653423162
end,1508875653423240
start,1508875653423263
end,1508875653423339
start,1508875653423475
end,1508875653423534
start,1508875653423556
end,1508875653423616
start,1508875653423743
end,1508875653423811
start,1508875653423833
end,1508875653423896
start,1508875653424067
end,1508875653424133
start,1508875653424156
end,1508875653424226
start,1508875653424378
end,1508875653424455
start,1508875653424707
end,1508875653424775
start,1508875653424958
end,1508875653425033
start,1508875653425237
end,1508875653425298
start,1508875653426040
end,1508875653426145
start,1508875653426350
end,1508875653426403
start,1508875653426597
end,1508875653426660
start,1508875653426868
end,1508875653426933
start,1508875653427120
end,1508875653427186
start,1508875653427426
end,1508875653427485
start,1508875653427719
end,1508875653427789
start,1508875653427993
end,1508875653428055
start,1508875653428310
end,1508875653428375
start,1508875653428571
end,1508875653428649
start,1508875653429575
end,1508875653429656
start,1508875653429788
end,1508875653432454
start,1508875653432666
end,1508875653432728
start,1508875653432939
end,1508875653433015
start,1508875653433125
end,1508875653433198
start,1508875653433307
end,1508875653433364
start,1508875653433625
end,1508875653433697
start,1508875653433888
end,1508875653433954
start,1508875653434210
end,1508875653434274
start,1508875653434545
end,1508875653434635
start,1508875653434848
end,1508875653434910
start,1508875653435131
end,1508875653435188
start,1508875653436183
end,1508875653436254
start,1508875653436476
end,1508875653436540
start,1508875653436732
end,1508875653436788
start,1508875653437025
end,1508875653437131
start,1508875653437392
end,1508875653437458
start,1508875653437619
end,1508875653437677
start,1508875653437875
end,1508875653437926
start,1508875653438167
end,1508875653438223
start,1508875653438448
end,1508875653438511
start,1508875653438625
end,1508875653438690
start,1508875653438795
end,1508875653438857
start,1508875653438968
end,1508875653439035
start,1508875653439143
end,1508875653439204
start,1508875653439304
end,1508875653439372
start,1508875653439466
end,1508875653439529
start,1508875653439636
end,1508875653439701
start,1508875653439818
end,1508875653439883
start,1508875653440095
end,1508875653440153
start,1508875653441292
end,1508875653441403
start,1508875653441630
end,1508875653441693
start,1508875653441921
end,1508875653441985
start,1508875653442171
end,1508875653442233
start,1508875653442422
end,1508875653442485
start,1508875653442686
end,1508875653442754
start,1508875653443069
end,1508875653443127
start,1508875653445281
end,1508875653445520
start,1508875653445726
end,1508875653445802
start,1508875653446002
end,1508875653446090
start,1508875653446425
end,1508875653446516
start,1508875653446768
end,1508875653446827
start,1508875653447091
end,1508875653447158
start,1508875653447466
end,1508875653447530
start,1508875653447716
end,1508875653447778
start,1508875653447994
end,1508875653448049
start,1508875653448281
end,1508875653448339
start,1508875653448527
end,1508875653448589
start,1508875653448840
end,1508875653448903
start,1508875653449107
end,1508875653449175
start,1508875653449628
end,1508875653449697
start,1508875653450008
end,1508875653450077
start,1508875653450313
end,1508875653450371
start,1508875653450594
end,1508875653450663
start,1508875653450908
end,1508875653450965
start,1508875653451192
end,1508875653451248
start,1508875653451509
end,1508875653451574
start,1508875653451809
end,1508875653451870
start,1508875653452097
end,1508875653452152
start,1508875653452428
end,1508875653452482
start,1508875653453046
end,1508875653453149
start,1508875653453265
end,1508875653453328
start,1508875653453527
end,1508875653453589
start,1508875653453812
end,1508875653453877
start,1508875653454159
end,1508875653454221
start,1508875653454473
end,1508875653454544
start,1508875653454642
end,1508875653454712
start,1508875653454826
end,1508875653454893
start,1508875653455110
end,1508875653455167
start,1508875653455287
end,1508875653455350
start,1508875653455629
end,1508875653455687
start,1508875653455948
end,1508875653456012
start,1508875653456285
end,1508875653456353
start,1508875653456591
end,1508875653456655
start,1508875653457220
end,1508875653457368
start,1508875653457702
end,1508875653457779
start,1508875653457896
end,1508875653457962
start,1508875653458156
end,1508875653458220
start,1508875653458578
end,1508875653458633
start,1508875653458837
end,1508875653458892
start,1508875653459169
end,1508875653459230
start,1508875653459435
end,1508875653459501
start,1508875653459791
end,1508875653459851
start,1508875653460141
end,1508875653460212
start,1508875653460327
end,1508875653460387
start,1508875653460634
end,1508875653460697
start,1508875653461969
end,1508875653479003
start,1508875653479241
end,1508875653485158
start,1508875653488244
end,1508875653488414
start,1508875653488684
end,1508875653488768
start,1508875653488856
end,1508875653488933
start,1508875653489179
end,1508875653489247
start,1508875653489497
end,1508875653489565
start,1508875653508748
end,1508875653508874
start,1508875653510545
end,1508875653513617
start,1508875653513978
end,1508875653514330
start,1508875653514522
end,1508875653514630
start,1508875653514928
end,1508875653514985
start,1508875653525984
end,1508875653529152
start,1508875653530053
end,1508875653545094
start,1508875653545961
end,1508875653553132
start,1508875653553971
end,1508875653573102
start,1508875653573542
end,1508875653581118
start,1508875653581434
end,1508875653590388
start,1508875653591247
end,1508875653596850
start,1508875653598062
end,1508875653605096
start,1508875653606604
end,1508875653613571
start,1508875653614490
end,1508875653614752
start,1508875653617614
end,1508875653617853
start,1508875653618444
end,1508875653618704
start,1508875653619141
end,1508875653619270
start,1508875653622715
end,1508875653622877
start,1508875653626086
end,1508875653631682
start,1508875653637734
end,1508875653638692
start,1508875653638979
end,1508875653639105
start,1508875653639337
end,1508875653639485
start,1508875653639756
end,1508875653639848
start,1508875653640732
end,1508875653645223
start,1508875653647665
end,1508875653647848
start,1508875653648106
end,1508875653649708
start,1508875653653337
end,1508875653653563
start,1508875653655297
end,1508875653655405
start,1508875653657311
end,1508875653663648
start,1508875653665219
end,1508875653667519
start,1508875653670921
end,1508875653671096
start,1508875653672572
end,1508875653672735
start,1508875653674196
end,1508875653674350
start,1508875653675974
end,1508875653680321
start,1508875653684877
end,1508875653692783
start,1508875653693645
end,1508875653697673
start,1508875653705191
end,1508875653705410
start,1508875653705726
end,1508875653705881
start,1508875653706712
end,1508875653709166
start,1508875653710042
end,1508875653710197
start,1508875653711094
end,1508875653711239
start,1508875653712086
end,1508875653712227
start,1508875653713247
end,1508875653713379
start,1508875653714267
end,1508875653714365
start,1508875653714557
end,1508875653714671
start,1508875653715910
end,1508875653716286
start,1508875653717152
end,1508875653721236
start,1508875653722284
end,1508875653722430
start,1508875653730169
end,1508875653730374
start,1508875653738476
end,1508875653738677
start,1508875653739563
end,1508875653739689
start,1508875653740558
end,1508875653740646
start,1508875653740965
end,1508875653741074
start,1508875653741250
end,1508875653741331
start,1508875653741648
end,1508875653741735
start,1508875653742579
end,1508875653742837
start,1508875653752528
end,1508875653763182
start,1508875653764257
end,1508875653764500
start,1508875653765671
end,1508875653765817
start,1508875653766060
end,1508875653771068
start,1508875653772235
end,1508875653772396
start,1508875653773376
end,1508875653773530
start,1508875653774490
end,1508875653774665
start,1508875653775661
end,1508875653775801
start,1508875653776876
end,1508875653776985
start,1508875653777933
end,1508875653778121
start,1508875653779102
end,1508875653779463
start,1508875653781771
end,1508875653789495
start,1508875653790045
end,1508875653795565
start,1508875653796731
end,1508875653796908
start,1508875653797896
end,1508875653798959
start,1508875653799736
end,1508875653801259
start,1508875653809892
end,1508875653817088
start,1508875653822177
end,1508875653828983
start,1508875653829191
end,1508875653830270
start,1508875653831911
end,1508875653834598
start,1508875653835089
end,1508875653835218
start,1508875653835493
end,1508875653835588
start,1508875653835997
end,1508875653836164
start,1508875653836562
end,1508875653836773
start,1508875653837086
end,1508875653837285
start,1508875653837537
end,1508875653837729
start,1508875653838198
end,1508875653838268
start,1508875653838594
end,1508875653838654
start,1508875653838754
end,1508875653838811
start,1508875653839155
end,1508875653839219
start,1508875653839560
end,1508875653839617
start,1508875653839968
end,1508875653840027
start,1508875653840352
end,1508875653840410
start,1508875653841119
end,1508875653841351
start,1508875653841757
end,1508875653841841
start,1508875653842075
end,1508875653842243
start,1508875653846732
end,1508875653847069
start,1508875653847365
end,1508875653853258
start,1508875653858448
end,1508875653858646
start,1508875653858905
end,1508875653859035
start,1508875653860127
end,1508875653860292
start,1508875653860700
end,1508875653860810
start,1508875653861095
end,1508875653861188
start,1508875653861464
end,1508875653861552
start,1508875653861855
end,1508875653862336
start,1508875653862619
end,1508875653868379
start,1508875653868816
end,1508875653868951
start,1508875653876887
end,1508875653877290
start,1508875653877798
end,1508875653877887
start,1508875653878015
end,1508875653878218
start,1508875653878699
end,1508875653879009
start,1508875653880056
end,1508875653888283
start,1508875653889520
end,1508875653891874
start,1508875653892467
end,1508875653893192
start,1508875653893427
end,1508875653897245
start,1508875653898171
end,1508875653898263
start,1508875653902929
end,1508875653903177
start,1508875653907593
end,1508875653907746
start,1508875653908381
end,1508875653908501
start,1508875653908880
end,1508875653908959
start,1508875653917214
end,1508875653917434
start,1508875653929320
end,1508875653945453
start,1508875653946210
end,1508875653946429
start,1508875653947774
end,1508875653947868
start,1508875653953332
end,1508875653953537
start,1508875653957046
end,1508875653960025
start,1508875653960551
end,1508875653968254
start,1508875653974562
end,1508875653981200
start,1508875653984409
end,1508875653989873
start,1508875653990991
end,1508875653992848
start,1508875653997988
end,1508875654004598
start,1508875654005947
end,1508875654006266
start,1508875654007462
end,1508875654009211
start,1508875654017213
end,1508875654017440
start,1508875654021736
end,1508875654023148
start,1508875654027244
end,1508875654028874
start,1508875654034473
end,1508875654034924
start,1508875654039248
end,1508875654041276
start,1508875654044050
end,1508875654044238
start,1508875654046144
end,1508875654052770
start,1508875654054483
end,1508875654057064
start,1508875654057433
end,1508875654062939
start,1508875654065053
end,1508875654067536
start,1508875654071482
end,1508875654071712
start,1508875654075041
end,1508875654075449
start,1508875654078795
end,1508875654081259
start,1508875654084756
end,1508875654085227
start,1508875654088253
end,1508875654109146
start,1508875654109630
end,1508875654110668
start,1508875654110801
end,1508875654113091
start,1508875654113248
end,1508875654115492
start,1508875654115624
end,1508875654115738
start,1508875654115873
end,1508875654115941
start,1508875654116314
end,1508875654116372
start,1508875654199134
end,1508875654217124
start,1508875654219731
end,1508875654225191
start,1508875654225544
end,1508875654225669
start,1508875654225977
end,1508875654226069
start,1508875654226418
end,1508875654226505
start,1508875654226609
end,1508875654226688
start,1508875654227028
end,1508875654227112
start,1508875654227458
end,1508875654227544
start,1508875654227884
end,1508875654228009
start,1508875654228341
end,1508875654237224
start,1508875654237841
end,1508875654241154
start,1508875654241636
end,1508875654246562
start,1508875654247673
end,1508875654257021
start,1508875654259834
end,1508875654261064
start,1508875654286087
end,1508875654294270
start,1508875654295547
end,1508875654295727
start,1508875654296439
end,1508875654298563
start,1508875654299564
end,1508875654309157
start,1508875654309435
end,1508875654319620
start,1508875654320838
end,1508875654321082
start,1508875654325428
end,1508875654331759
start,1508875654333405
end,1508875654335951
start,1508875654337538
end,1508875654338505
start,1508875654340040
end,1508875654341288
start,1508875654342202
end,1508875654342403
start,1508875654348503
end,1508875654348755
start,1508875654354501
end,1508875654354776
start,1508875654358769
end,1508875654360062
start,1508875654363037
end,1508875654363285
start,1508875654369504
end,1508875654369803
start,1508875654372129
end,1508875654373024
start,1508875654375531
end,1508875654378714
start,1508875654380956
end,1508875654385916
start,1508875654389121
end,1508875654391140
start,1508875654393327
end,1508875654395715
start,1508875654397828
end,1508875654398036
start,1508875654398349
end,1508875654398509
start,1508875654403974
end,1508875654404250
start,1508875654405549
end,1508875654409329
start,1508875654417447
end,1508875654422319
start,1508875654422757
end,1508875654422838
start,1508875654423205
end,1508875654423297
start,1508875654423452
end,1508875654423533
start,1508875654423873
end,1508875654429886
start,1508875654430290
end,1508875654430407
start,1508875654430516
end,1508875654430597
start,1508875654430671
end,1508875654437270
start,1508875654437472
end,1508875654437758
start,1508875654438327
end,1508875654438414
start,1508875654438523
end,1508875654449900
start,1508875654450293
end,1508875654450403
start,1508875654450763
end,1508875654450840
start,1508875654451133
end,1508875654451203
start,1508875654451545
end,1508875654451612
start,1508875654452785
end,1508875654453046
start,1508875654453487
end,1508875654453667
start,1508875654455046
end,1508875654455166
start,1508875654455584
end,1508875654461394
start,1508875654466362
end,1508875654466566
start,1508875654471372
end,1508875654471575
start,1508875654472942
end,1508875654477145
start,1508875654479481
end,1508875654482028
start,1508875654482616
end,1508875654482781
start,1508875654485416
end,1508875654485685
start,1508875654488534
end,1508875654488783
start,1508875654489195
end,1508875654489310
start,1508875654489555
end,1508875654489773
start,1508875654490097
end,1508875654497384
start,1508875654497902
end,1508875654498280
start,1508875654498700
end,1508875654498921
start,1508875654499359
end,1508875654499610
start,1508875654499993
end,1508875654500271
start,1508875654500967
end,1508875654501122
start,1508875654506473
end,1508875654513118
start,1508875654516075
end,1508875654516295
start,1508875654519216
end,1508875654519580
start,1508875654529493
end,1508875654530340
start,1508875654530752
end,1508875654533340
start,1508875654537819
end,1508875654545101
start,1508875654547351
end,1508875654547581
start,1508875654561452
end,1508875654565156
start,1508875654569990
end,1508875654573132
start,1508875654576577
end,1508875654577082
start,1508875654579493
end,1508875654589132
start,1508875654589635
end,1508875654589872
start,1508875654595709
end,1508875654601118
start,1508875654601568
end,1508875654606456
start,1508875654606991
end,1508875654614245
start,1508875654653256
end,1508875654653842
start,1508875654659369
end,1508875654667018
start,1508875654667468
end,1508875654667651
start,1508875654668960
end,1508875654669112
start,1508875654669344
end,1508875654669449
start,1508875654670974
end,1508875654671084
start,1508875654671838
end,1508875654671928
start,1508875654673890
end,1508875654674015
start,1508875654682992
end,1508875654683197
start,1508875654688117
end,1508875654688282
start,1508875654691255
end,1508875654691405
start,1508875654699009
end,1508875654705177
start,1508875654705858
end,1508875654706041
start,1508875654712053
end,1508875654712260
start,1508875654725246
end,1508875654725496
start,1508875654727936
end,1508875654741238
start,1508875654743764
end,1508875654746842
start,1508875654747268
end,1508875654747452
start,1508875654750240
end,1508875654750479
start,1508875654757516
end,1508875654757817
start,1508875654759825
end,1508875654760404
start,1508875654763199
end,1508875654763774
start,1508875654766649
end,1508875654773119
start,1508875654773592
end,1508875654786326
start,1508875654788098
end,1508875654788660
start,1508875654788743
end,1508875654793292
start,1508875654797984
end,1508875654798201
start,1508875654804342
end,1508875654805246
start,1508875654810769
end,1508875654813272
start,1508875654817322
end,1508875654817527
start,1508875654821175
end,1508875654821372
start,1508875654829455
end,1508875654829692
start,1508875654832202
end,1508875654832755
start,1508875654835278
end,1508875654835824
start,1508875654838228
end,1508875654838789
start,1508875654841214
end,1508875654841714
start,1508875654844169
end,1508875654850137
start,1508875654856455
end,1508875654858458
start,1508875654858640
end,1508875654862286
start,1508875654862429
end,1508875654862603
start,1508875654862747
end,1508875654869018
start,1508875654869425
end,1508875654869550
start,1508875654869927
end,1508875654869999
start,1508875654870396
end,1508875654870494
start,1508875654870998
end,1508875654871397
start,1508875654871827
end,1508875654872001
start,1508875654872627
end,1508875654872796
start,1508875654873455
end,1508875654873631
start,1508875654874594
end,1508875654874751
start,1508875654875871
end,1508875654876109
start,1508875654879340
end,1508875654879537
start,1508875654888915
end,1508875654895364
start,1508875654895851
end,1508875654895987
start,1508875654896328
end,1508875654896504
start,1508875654897148
end,1508875654897267
start,1508875654898314
end,1508875654905128
start,1508875654905625
end,1508875654906916
start,1508875654908455
end,1508875654921584
start,1508875654925487
end,1508875654938698
start,1508875654941385
end,1508875654943823
start,1508875654944238
end,1508875654944343
start,1508875654945137
end,1508875654945419
start,1508875654945787
end,1508875654945882
start,1508875654946288
end,1508875654946386
start,1508875654946934
end,1508875654953510
start,1508875654953988
end,1508875654957397
start,1508875654957780
end,1508875654957882
start,1508875654958232
end,1508875654958330
start,1508875654959455
end,1508875654959779
start,1508875654960124
end,1508875654960221
start,1508875654960608
end,1508875654963487
start,1508875654963971
end,1508875654973042
start,1508875654973497
end,1508875654978899
start,1508875654979382
end,1508875654989916
start,1508875655010414
end,1508875655010803
start,1508875655013734
end,1508875655013914
start,1508875655017625
end,1508875655024452
start,1508875655027614
end,1508875655027831
start,1508875655030310
end,1508875655030491
start,1508875655034121
end,1508875655034315
start,1508875655037502
end,1508875655038135
start,1508875655041035
end,1508875655041226
start,1508875655044192
end,1508875655046018
start,1508875655048721
end,1508875655049061
start,1508875655056603
end,1508875655060747
start,1508875655061323
end,1508875655061429
start,1508875655061933
end,1508875655062220
start,1508875655062714
end,1508875655062910
start,1508875655072185
end,1508875655072362
start,1508875655075085
end,1508875655075222
start,1508875655077893
end,1508875655078079
start,1508875655078617
end,1508875655078716
start,1508875655079763
end,1508875655080871
start,1508875655081310
end,1508875655089373
start,1508875655095771
end,1508875655117093
start,1508875655139048
end,1508875655139194
start,1508875655139674
end,1508875655154071
start,1508875655154839
end,1508875655154944
start,1508875655163866
end,1508875655167793
start,1508875655170665
end,1508875655177336
start,1508875655180329
end,1508875655191218
start,1508875655199725
end,1508875655211624
start,1508875655213178
end,1508875655217217
start,1508875655222262
end,1508875655226418
start,1508875655230843
end,1508875655235038
start,1508875655241404
end,1508875655241668
start,1508875655244944
end,1508875655247017
start,1508875655249864
end,1508875655250445
start,1508875655253265
end,1508875655259142
start,1508875655259968
end,1508875655260131
start,1508875655263051
end,1508875655269250
start,1508875655272320
end,1508875655272442
start,1508875655274520
end,1508875655281126
start,1508875655281604
end,1508875655281693
start,1508875655282241
end,1508875655282344
start,1508875655308117
end,1508875655314940
start,1508875655315495
end,1508875655319956
start,1508875655320544
end,1508875655327536
start,1508875655328035
end,1508875655329062
start,1508875655336841
end,1508875655341149
start,1508875655349095
end,1508875655350120
start,1508875655350667
end,1508875655350784
start,1508875655351211
end,1508875655361094
start,1508875655361592
end,1508875655361826
start,1508875655362235
end,1508875655362445
start,1508875655363087
end,1508875655363197
start,1508875655363892
end,1508875655376267
start,1508875655379219
end,1508875655379744
start,1508875655384938
end,1508875655389192
start,1508875655394707
end,1508875655395637
start,1508875655399436
end,1508875655400019
start,1508875655403461
end,1508875655404977
start,1508875655411108
end,1508875655411342
start,1508875655414207
end,1508875655414387
start,1508875655417160
end,1508875655417341
start,1508875655424354
end,1508875655424611
start,1508875655426361
end,1508875655426786
start,1508875655428584
end,1508875655428957
start,1508875655430687
end,1508875655431031
start,1508875655433194
end,1508875655442330
start,1508875655444105
end,1508875655444541
start,1508875655447788
end,1508875655448667
start,1508875655450334
end,1508875655458619
start,1508875655461614
end,1508875655463511
start,1508875655472073
end,1508875655472264
start,1508875655472955
end,1508875655473106
start,1508875655473509
end,1508875655475718
start,1508875655476248
end,1508875655490794
start,1508875655491539
end,1508875655493173
start,1508875655566508
end,1508875655566782
start,1508875655567539
end,1508875655585139
start,1508875655585638
end,1508875655589358
start,1508875655589900
end,1508875655590051
start,1508875655590589
end,1508875655590793
start,1508875655597531
end,1508875655598136
start,1508875655598976
end,1508875655599233
start,1508875655599379
end,1508875655599489
start,1508875655599719
end,1508875655599830
start,1508875655601998
end,1508875655613852
start,1508875655616996
end,1508875655617261
start,1508875655621183
end,1508875655622487
start,1508875655626213
end,1508875655637085
start,1508875655637752
end,1508875655644123
start,1508875655644767
end,1508875655645271
start,1508875655646122
end,1508875655654728
start,1508875655657354
end,1508875655661241
start,1508875655665433
end,1508875655666210
start,1508875655669879
end,1508875655670020
start,1508875655675087
end,1508875655675264
start,1508875655676041
end,1508875655676151
start,1508875655677848
end,1508875655685430
start,1508875655688367
end,1508875655693833
start,1508875655695879
end,1508875655696240
start,1508875655699362
end,1508875655699589
start,1508875655702797
end,1508875655706741
start,1508875655707343
end,1508875655707467
start,1508875655708403
end,1508875655709138
start,1508875655710730
end,1508875655710906
start,1508875655711634
end,1508875655711794
start,1508875655712229
end,1508875655712341
start,1508875655712859
end,1508875655712969
start,1508875655713483
end,1508875655713594
start,1508875655714074
end,1508875655714182
start,1508875655714658
end,1508875655717151
start,1508875655717771
end,1508875655725854
start,1508875655726576
end,1508875655726831
start,1508875655727071
end,1508875655727254
start,1508875655729569
end,1508875655729849
start,1508875655733192
end,1508875655733418
start,1508875655739851
end,1508875655740138
start,1508875655745397
end,1508875655745660
start,1508875655746314
end,1508875655753139
start,1508875655753874
end,1508875655754205
start,1508875655755115
end,1508875655755230
start,1508875655759769
end,1508875655759948
start,1508875655769947
end,1508875655770116
start,1508875655770653
end,1508875655770758
start,1508875655771238
end,1508875655771330
start,1508875655774160
end,1508875655774362
start,1508875655781532
end,1508875655791120
start,1508875655821375
end,1508875655821705
start,1508875655822405
end,1508875655840147
start,1508875655841018
end,1508875655841359
start,1508875655841931
end,1508875655842057
start,1508875655847113
end,1508875655847262
start,1508875655851439
end,1508875655851592
start,1508875655854796
end,1508875655854913
start,1508875655858145
end,1508875655858267
start,1508875655861220
end,1508875655861328
start,1508875655864547
end,1508875655866887
start,1508875655869447
end,1508875655869568
start,1508875655870071
end,1508875655880901
start,1508875655881438
end,1508875655881598
start,1508875655882057
end,1508875655882161
start,1508875655885550
end,1508875655885735
start,1508875655886189
end,1508875655886305
start,1508875655886696
end,1508875655886777
start,1508875655893566
end,1508875655893712
start,1508875655896797
end,1508875655896897
start,1508875655897357
end,1508875655897439
start,1508875655898136
end,1508875655898271
start,1508875655898815
end,1508875655898950
start,1508875655904502
end,1508875655905247
start,1508875655906249
end,1508875655910986
start,1508875655911165
end,1508875655913183
start,1508875655913341
end,1508875655913499
start,1508875655913614
end,1508875655913686
start,1508875655913837
end,1508875655913976
start,1508875655914081
end,1508875655914163
start,1508875655914659
end,1508875655923683
start,1508875655927111
end,1508875655933178
start,1508875655935218
end,1508875655937157
start,1508875655940411
end,1508875655945151
start,1508875655947008
end,1508875655947217
start,1508875655949770
end,1508875655961148
start,1508875655962081
end,1508875655962222
start,1508875655963104
end,1508875655963338
start,1508875655963995
end,1508875655967250
start,1508875655971052
end,1508875655971210
start,1508875655974117
end,1508875655974223
start,1508875655974909
end,1508875655975217
start,1508875655975452
end,1508875655975562
start,1508875655976967
end,1508875655978533
start,1508875655978771
end,1508875655978917
start,1508875655979202
end,1508875655984050
start,1508875655984308
end,1508875655984408
start,1508875655984714
end,1508875655985689
start,1508875655986008
end,1508875655986174
start,1508875655987827
end,1508875655989927
start,1508875655990226
end,1508875655996096
start,1508875655996464
end,1508875655996659
start,1508875655997654
end,1508875656007815
start,1508875656008227
end,1508875656015661
start,1508875656016180
end,1508875656016292
start,1508875656017163
end,1508875656017262
start,1508875656021967
end,1508875656022116
start,1508875656025895
end,1508875656026030
start,1508875656026651
end,1508875656026771
start,1508875656027251
end,1508875656027474
start,1508875656029420
end,1508875656029552
start,1508875656031415
end,1508875656034751
start,1508875656040123
end,1508875656040386
start,1508875656040864
end,1508875656040943
start,1508875656044926
end,1508875656049126
start,1508875656049878
end,1508875656050028
start,1508875656054276
end,1508875656057073
start,1508875656060839
end,1508875656060991
start,1508875656061606
end,1508875656061742
start,1508875656067175
end,1508875656067298
start,1508875656067829
end,1508875656067914
start,1508875656068396
end,1508875656068476
start,1508875656068635
end,1508875656068709
start,1508875656073859
end,1508875656073987
start,1508875656082858
end,1508875656083121
start,1508875656083490
end,1508875656083594
start,1508875656084075
end,1508875656084159
start,1508875656084705
end,1508875656084775
start,1508875656085201
end,1508875656085273
start,1508875656085720
end,1508875656085783
start,1508875656086187
end,1508875656086248
start,1508875656086730
end,1508875656093137
start,1508875656093598
end,1508875656093676
start,1508875656094157
end,1508875656100250
start,1508875656100938
end,1508875656101040
start,1508875656101765
end,1508875656101915
start,1508875656102558
end,1508875656104126
start,1508875656104726
end,1508875656104805
start,1508875656105377
end,1508875656105472
start,1508875656105987
end,1508875656106091
start,1508875656106627
end,1508875656106688
start,1508875656107465
end,1508875656107528
start,1508875656108010
end,1508875656108099
start,1508875656108509
end,1508875656115615
start,1508875656116150
end,1508875656116363
start,1508875656117571
end,1508875656117731
start,1508875656125673
end,1508875656129654
start,1508875656130167
end,1508875656159759
start,1508875656163195
end,1508875656163337
start,1508875656169812
end,1508875656171031
start,1508875656173046
end,1508875656173666
start,1508875656181668
end,1508875656181853
start,1508875656182342
end,1508875656182430
start,1508875656183153
end,1508875656183242
start,1508875656183702
end,1508875656183782
start,1508875656185278
end,1508875656199144
start,1508875656207695
end,1508875656212449
start,1508875656213638
end,1508875656213959
start,1508875656214393
end,1508875656214509
start,1508875656214970
end,1508875656215071
start,1508875656215835
end,1508875656216040
start,1508875656216749
end,1508875656216950
start,1508875656217529
end,1508875656223753
start,1508875656224276
end,1508875656225338
start,1508875656226810
end,1508875656227988
start,1508875656233857
end,1508875656234006
start,1508875656234522
end,1508875656234760
start,1508875656235759
end,1508875656235971
start,1508875656236488
end,1508875656236684
start,1508875656239098
end,1508875656239477
start,1508875656241386
end,1508875656241636
start,1508875656243830
end,1508875656249913
start,1508875656251232
end,1508875656251461
start,1508875656254342
end,1508875656255881
start,1508875656256112
end,1508875656256209
start,1508875656260535
end,1508875656260686
start,1508875656262712
end,1508875656262831
start,1508875656277835
end,1508875656277992
start,1508875656278615
end,1508875656278699
start,1508875656279464
end,1508875656279605
start,1508875656280189
end,1508875656280260
start,1508875656280738
end,1508875656280810
start,1508875656281343
end,1508875656281427
start,1508875656282088
end,1508875656282157
start,1508875656282603
end,1508875656282682
start,1508875656283178
end,1508875656283282
start,1508875656283819
end,1508875656283876
start,1508875656293236
end,1508875656296258
start,1508875656297096
end,1508875656301306
start,1508875656329149
end,1508875656329355
start,1508875656335166
end,1508875656335326
start,1508875656335841
end,1508875656335994
start,1508875656336492
end,1508875656336635
start,1508875656337280
end,1508875656337356
start,1508875656337879
end,1508875656337950
start,1508875656338408
end,1508875656344911
start,1508875656345026
end,1508875656345106
start,1508875656345627
end,1508875656345768
start,1508875656346626
end,1508875656346809
start,1508875656347364
end,1508875656347439
start,1508875656347979
end,1508875656348047
start,1508875656348517
end,1508875656348580
start,1508875656349050
end,1508875656349125
start,1508875656349540
end,1508875656349593
start,1508875656350085
end,1508875656350311
start,1508875656353546
end,1508875656353637
start,1508875656357123
end,1508875656357211
start,1508875656357336
end,1508875656357415
start,1508875656358002
end,1508875656358074
start,1508875656361671
end,1508875656361859
start,1508875656366008
end,1508875656366248
start,1508875656366420
end,1508875656366487
start,1508875656367061
end,1508875656367168
start,1508875656367873
end,1508875656372371
start,1508875656372963
end,1508875656373181
start,1508875656374062
end,1508875656374149
start,1508875656374662
end,1508875656374734
start,1508875656375242
end,1508875656375309
start,1508875656375826
end,1508875656375898
start,1508875656376474
end,1508875656376540
start,1508875656377165
end,1508875656400428
start,1508875656402717
end,1508875656405173
start,1508875656405857
end,1508875656406203
start,1508875656406788
end,1508875656409333
start,1508875656416059
end,1508875656417673
start,1508875656418023
end,1508875656418156
start,1508875656423368
end,1508875656425164
start,1508875656433324
end,1508875656433596
start,1508875656434164
end,1508875656438814
start,1508875656442377
end,1508875656442574
start,1508875656445639
end,1508875656445954
start,1508875656449793
end,1508875656452206
start,1508875656453230
end,1508875656453365
start,1508875656454509
end,1508875656454773
start,1508875656455358
end,1508875656465138
start,1508875656466384
end,1508875656466718
start,1508875656467408
end,1508875656467515
start,1508875656468088
end,1508875656471141
start,1508875656471934
end,1508875656472023
start,1508875656473489
end,1508875656473581
start,1508875656477154
end,1508875656477239
start,1508875656477688
end,1508875656477782
start,1508875656478283
end,1508875656478366
start,1508875656479389
end,1508875656479555
start,1508875656480113
end,1508875656480210
start,1508875656480884
end,1508875656481022
start,1508875656481483
end,1508875656485088
start,1508875656485557
end,1508875656485641
start,1508875656489565
end,1508875656489643
start,1508875656490307
end,1508875656490372
start,1508875656491032
end,1508875656491109
start,1508875656493527
end,1508875656493610
start,1508875656494333
end,1508875656497148
start,1508875656497297
end,1508875656497410
start,1508875656502402
end,1508875656502513
start,1508875656503053
end,1508875656505343
start,1508875656505970
end,1508875656506104
start,1508875656506585
end,1508875656509669
start,1508875656510219
end,1508875656510368
start,1508875656510815
end,1508875656510911
start,1508875656511522
end,1508875656524298
start,1508875656524944
end,1508875656525079
start,1508875656525667
end,1508875656525756
start,1508875656526241
end,1508875656529380
start,1508875656530382
end,1508875656536098
start,1508875656536799
end,1508875656545448
start,1508875656546064
end,1508875656546259
start,1508875656547675
end,1508875656548143
start,1508875656548737
end,1508875656548834
start,1508875656549550
end,1508875656549887
start,1508875656550577
end,1508875656550670
start,1508875656555821
end,1508875656555969
start,1508875656556852
end,1508875656556947
start,1508875656559877
end,1508875656560040
start,1508875656586386
end,1508875656586720
start,1508875656590980
end,1508875656591829
start,1508875656594081
end,1508875656594223
start,1508875656596519
end,1508875656596655
start,1508875656599064
end,1508875656600325
start,1508875656606265
end,1508875656607739
start,1508875656608416
end,1508875656608817
start,1508875656611375
end,1508875656611493
start,1508875656612118
end,1508875656612275
start,1508875656612888
end,1508875656613016
start,1508875656613871
end,1508875656621135
start,1508875656622213
end,1508875656622455
start,1508875656624618
end,1508875656625309
start,1508875656634230
end,1508875656634392
start,1508875656641389
end,1508875656641549
start,1508875656646214
end,1508875656646356
start,1508875656650754
end,1508875656650908
start,1508875656655357
end,1508875656657057
start,1508875656657746
end,1508875656657878
start,1508875656660344
end,1508875656665352
start,1508875656677834
end,1508875656688896
start,1508875656697114
end,1508875656697355
start,1508875656697464
end,1508875656708008
start,1508875656708208
end,1508875656708454
start,1508875656713302
end,1508875656713516
start,1508875656713664
end,1508875656713761
start,1508875656713838
end,1508875656713940
start,1508875656714061
end,1508875656714151
start,1508875656714246
end,1508875656714335
start,1508875656714430
end,1508875656714525
start,1508875656715106
end,1508875656715214
start,1508875656721883
end,1508875656729151
start,1508875656729789
end,1508875656729939
start,1508875656730439
end,1508875656730546
start,1508875656731083
end,1508875656731180
start,1508875656731714
end,1508875656731813
start,1508875656732396
end,1508875656732496
start,1508875656733031
end,1508875656733206
start,1508875656738114
end,1508875656742774
start,1508875656743573
end,1508875656743707
start,1508875656744187
end,1508875656744293
start,1508875656744904
end,1508875656745107
start,1508875656745915
end,1508875656746340
start,1508875656747101
end,1508875656747172
start,1508875656747686
end,1508875656749134
start,1508875656755517
end,1508875656771799
start,1508875656772535
end,1508875656772785
start,1508875656773959
end,1508875656774080
start,1508875656774623
end,1508875656777262
start,1508875656778319
end,1508875656778438
start,1508875656779115
end,1508875656779213
start,1508875656779899
end,1508875656785164
start,1508875656788279
end,1508875656788454
start,1508875656790414
end,1508875656790579
start,1508875656793309
end,1508875656793502
start,1508875656795744
end,1508875656795967
start,1508875656798436
end,1508875656798645
start,1508875656801236
end,1508875656801378
start,1508875656803665
end,1508875656803918
start,1508875656807844
end,1508875656808126
start,1508875656811454
end,1508875656817186
start,1508875656818267
end,1508875656818552
start,1508875656825689
end,1508875656825854
start,1508875656828114
end,1508875656831184
start,1508875656833588
end,1508875656833796
start,1508875656836188
end,1508875656836349
start,1508875656838777
end,1508875656838945
start,1508875656841570
end,1508875656845150
start,1508875656847652
end,1508875656848516
start,1508875656850309
end,1508875656850524
start,1508875656851265
end,1508875656853245
start,1508875656854419
end,1508875656857355
start,1508875656858616
end,1508875656861099
start,1508875656861748
end,1508875656865129
start,1508875656865647
end,1508875656866110
start,1508875656866813
end,1508875656869132
start,1508875656873330
end,1508875656891015
start,1508875656919945
end,1508875656920490
start,1508875656921189
end,1508875656921603
start,1508875656922668
end,1508875656922777
start,1508875656923542
end,1508875656923623
start,1508875656924442
end,1508875656924524
start,1508875656925281
end,1508875656925414
start,1508875656926153
end,1508875656926235
start,1508875656927112
end,1508875656927258
start,1508875656928060
end,1508875656928180
start,1508875656928863
end,1508875656928940
start,1508875656929731
end,1508875656929904
start,1508875656930666
end,1508875656930764
start,1508875656932569
end,1508875656932662
start,1508875656937895
end,1508875656938005
start,1508875656938582
end,1508875656938657
start,1508875656939259
end,1508875656939333
start,1508875656939851
end,1508875656941127
start,1508875656942458
end,1508875656942535
start,1508875656943092
end,1508875656945096
start,1508875656945672
end,1508875656949146
start,1508875656949717
end,1508875656953111
start,1508875656953733
end,1508875656953818
start,1508875656957794
end,1508875656957871
start,1508875656958460
end,1508875656958546
start,1508875656959133
end,1508875656959204
start,1508875656959780
end,1508875656959855
start,1508875656960391
end,1508875656960460
start,1508875656961111
end,1508875656961198
start,1508875656961844
end,1508875656961923
start,1508875656962492
end,1508875656962562
start,1508875656963197
end,1508875656963272
start,1508875656963901
end,1508875656969065
start,1508875656973252
end,1508875656985163
start,1508875656985826
end,1508875656986053
start,1508875656991516
end,1508875656999835
start,1508875657000508
end,1508875657000648
start,1508875657004696
end,1508875657008524
start,1508875657011543
end,1508875657011724
start,1508875657014233
end,1508875657015838
start,1508875657018550
end,1508875657032445
start,1508875657035223
end,1508875657035407
start,1508875657044403
end,1508875657044604
start,1508875657048368
end,1508875657048743
start,1508875657049457
end,1508875657052364
start,1508875657053292
end,1508875657053699
start,1508875657058531
end,1508875657060711
start,1508875657061669
end,1508875657061828
start,1508875657062517
end,1508875657062671
start,1508875657063305
end,1508875657063427
start,1508875657063543
end,1508875657068061
start,1508875657068695
end,1508875657070380
start,1508875657070553
end,1508875657070661
start,1508875657071182
end,1508875657080312
start,1508875657081302
end,1508875657081453
start,1508875657083625
end,1508875657083742
start,1508875657085702
end,1508875657085944
start,1508875657086545
end,1508875657086791
start,1508875657087912
end,1508875657088170
start,1508875657088895
end,1508875657089052
start,1508875657092338
end,1508875657092548
start,1508875657105857
end,1508875657106029
start,1508875657109733
end,1508875657109856
start,1508875657110567
end,1508875657110671
start,1508875657110771
end,1508875657110875
start,1508875657113581
end,1508875657113724
start,1508875657113861
end,1508875657113955
start,1508875657137213
end,1508875657137521
start,1508875657138219
end,1508875657138308
start,1508875657139100
end,1508875657139176
start,1508875657139773
end,1508875657141039
start,1508875657147185
end,1508875657147343
start,1508875657147997
end,1508875657148075
start,1508875657148949
end,1508875657149061
start,1508875657149593
end,1508875657149670
start,1508875657150339
end,1508875657150439
start,1508875657151200
end,1508875657151284
start,1508875657160727
end,1508875657160840
start,1508875657161602
end,1508875657161758
start,1508875657162251
end,1508875657173143
start,1508875657173889
end,1508875657173968
start,1508875657174509
end,1508875657180806
start,1508875657181511
end,1508875657183641
start,1508875657184218
end,1508875657187893
start,1508875657197624
end,1508875657198232
start,1508875657199010
end,1508875657199098
start,1508875657199749
end,1508875657199848
start,1508875657202650
end,1508875657202789
start,1508875657203515
end,1508875657232823
start,1508875657233741
end,1508875657238357
start,1508875657243477
end,1508875657243637
start,1508875657246636
end,1508875657246821
start,1508875657248714
end,1508875657249106
start,1508875657253697
end,1508875657253865
start,1508875657258496
end,1508875657258675
start,1508875657258886
end,1508875657259009
start,1508875657259231
end,1508875657259337
start,1508875657263918
end,1508875657264064
start,1508875657272286
end,1508875657272449
start,1508875657274206
end,1508875657274360
start,1508875657275273
end,1508875657277056
start,1508875657277860
end,1508875657278017
start,1508875657278646
end,1508875657278756
start,1508875657279426
end,1508875657279652
start,1508875657280667
end,1508875657281175
start,1508875657282266
end,1508875657287848
start,1508875657292013
end,1508875657298942
start,1508875657303710
end,1508875657303876
start,1508875657304405
end,1508875657305058
start,1508875657306378
end,1508875657306507
start,1508875657307362
end,1508875657307449
start,1508875657307899
end,1508875657316527
start,1508875657317246
end,1508875657317358
start,1508875657318276
end,1508875657318482
start,1508875657328011
end,1508875657331145
start,1508875657331943
end,1508875657333236
start,1508875657333944
end,1508875657336404
start,1508875657337058
end,1508875657337260
start,1508875657338136
end,1508875657338290
start,1508875657339224
end,1508875657344598
start,1508875657345463
end,1508875657345575
start,1508875657346425
end,1508875657357438
start,1508875657358165
end,1508875657358252
start,1508875657358894
end,1508875657358987
start,1508875657359624
end,1508875657359711
start,1508875657360540
end,1508875657360664
start,1508875657361367
end,1508875657368554
start,1508875657369189
end,1508875657369282
start,1508875657369932
end,1508875657370016
start,1508875657371204
end,1508875657371318
start,1508875657371964
end,1508875657372043
start,1508875657373642
end,1508875657373721
start,1508875657374380
end,1508875657374450
start,1508875657374982
end,1508875657378393
start,1508875657379047
end,1508875657383364
start,1508875657384211
end,1508875657384292
start,1508875657385023
end,1508875657407205
start,1508875657408076
end,1508875657421116
start,1508875657422794
end,1508875657422947
start,1508875657423966
end,1508875657424624
start,1508875657428767
end,1508875657429030
start,1508875657430207
end,1508875657430460
start,1508875657438952
end,1508875657439315
start,1508875657440014
end,1508875657440118
start,1508875657440747
end,1508875657440851
start,1508875657441506
end,1508875657441598
start,1508875657442103
end,1508875657442281
start,1508875657442976
end,1508875657443092
start,1508875657445930
end,1508875657463478
start,1508875657478666
end,1508875657485121
start,1508875657486143
end,1508875657489375
start,1508875657490220
end,1508875657490594
start,1508875657491333
end,1508875657491545
start,1508875657492745
end,1508875657492936
start,1508875657493596
end,1508875657493836
start,1508875657499390
end,1508875657499506
start,1508875657505606
end,1508875657505755
start,1508875657510667
end,1508875657510791
start,1508875657515429
end,1508875657517057
start,1508875657518138
end,1508875657525076
start,1508875657525788
end,1508875657525910
start,1508875657526561
end,1508875657526657
start,1508875657527588
end,1508875657534535
start,1508875657535551
end,1508875657535791
start,1508875657536733
end,1508875657536900
start,1508875657537580
end,1508875657537764
start,1508875657538692
end,1508875657538791
start,1508875657539660
end,1508875657539738
start,1508875657540242
end,1508875657541085
start,1508875657546696
end,1508875657546776
start,1508875657547410
end,1508875657549087
start,1508875657549782
end,1508875657549860
start,1508875657550493
end,1508875657550568
start,1508875657551242
end,1508875657551313
start,1508875657551992
end,1508875657552066
start,1508875657552618
end,1508875657552696
start,1508875657553340
end,1508875657553410
start,1508875657553824
end,1508875657553893
start,1508875657556676
end,1508875657566161
start,1508875657568156
end,1508875657568319
start,1508875657569275
end,1508875657569393
start,1508875657570176
end,1508875657570390
start,1508875657570984
end,1508875657571249
start,1508875657572067
end,1508875657572217
start,1508875657573603
end,1508875657577154
start,1508875657577794
end,1508875657577887
start,1508875657578556
end,1508875657578630
start,1508875657579324
end,1508875657579395
start,1508875657580056
end,1508875657580134
start,1508875657581181
end,1508875657581362
start,1508875657582046
end,1508875657582130
start,1508875657586242
end,1508875657588532
start,1508875657588648
end,1508875657588721
start,1508875657588846
end,1508875657610415
start,1508875657611185
end,1508875657612139
start,1508875657613077
end,1508875657621136
start,1508875657629026
end,1508875657629274
start,1508875657635193
end,1508875657635419
start,1508875657636278
end,1508875657636432
start,1508875657637459
end,1508875657637534
start,1508875657638455
end,1508875657638529
start,1508875657645245
end,1508875657653567
start,1508875657655015
end,1508875657655301
start,1508875657656127
end,1508875657656212
start,1508875657663269
end,1508875657664833
start,1508875657669875
end,1508875657670002
start,1508875657673685
end,1508875657673823
start,1508875657678166
end,1508875657678309
start,1508875657681813
end,1508875657682127
start,1508875657691799
end,1508875657697078
start,1508875657706134
end,1508875657709117
start,1508875657715485
end,1508875657717294
start,1508875657721654
end,1508875657721825
start,1508875657730852
end,1508875657733139
start,1508875657733976
end,1508875657734075
start,1508875657734706
end,1508875657737109
start,1508875657738120
end,1508875657738202
start,1508875657738807
end,1508875657740548
start,1508875657741455
end,1508875657741536
start,1508875657742313
end,1508875657742393
start,1508875657743147
end,1508875657745090
start,1508875657746419
end,1508875657746570
start,1508875657747239
end,1508875657749090
start,1508875657749805
end,1508875657749916
start,1508875657750629
end,1508875657750703
start,1508875657751242
end,1508875657751323
start,1508875657751891
end,1508875657751960
start,1508875657752586
end,1508875657752649
start,1508875657753274
end,1508875657753346
start,1508875657753914
end,1508875657753980
start,1508875657754606
end,1508875657754674
start,1508875657756006
end,1508875657756165
start,1508875657756886
end,1508875657756960
start,1508875657757659
end,1508875657757724
start,1508875657758404
end,1508875657758480
start,1508875657759208
end,1508875657759296
start,1508875657759930
end,1508875657759996
start,1508875657760672
end,1508875657767010
start,1508875657767655
end,1508875657767791
start,1508875657768698
end,1508875657770049
start,1508875657770747
end,1508875657770835
start,1508875657772531
end,1508875657780709
start,1508875657781683
end,1508875657787752
start,1508875657789466
end,1508875657797486
start,1508875657798255
end,1508875657798386
start,1508875657799103
end,1508875657799207
start,1508875657799862
end,1508875657800003
start,1508875657800760
end,1508875657800871
start,1508875657801594
end,1508875657803060
start,1508875657803876
end,1508875657803994
start,1508875657804688
end,1508875657804780
start,1508875657805844
end,1508875657805962
start,1508875657806800
end,1508875657806912
start,1508875657807641
end,1508875657808837
start,1508875657811042
end,1508875657813068
start,1508875657813924
end,1508875657814126
start,1508875657815189
end,1508875657821020
start,1508875657821736
end,1508875657831934
start,1508875657837277
end,1508875657837601
start,1508875657838705
end,1508875657845443
start,1508875657846557
end,1508875657846863
start,1508875657849820
end,1508875657850088
start,1508875657853750
end,1508875657854084
start,1508875657856785
end,1508875657857147
start,1508875657860700
end,1508875657861067
start,1508875657864709
end,1508875657869126
start,1508875657872864
end,1508875657881116
start,1508875657884183
end,1508875657884367
start,1508875657885251
end,1508875657885860
start,1508875657892115
end,1508875657897127
start,1508875657904116
end,1508875657904386
start,1508875657913323
end,1508875657917311
start,1508875657918208
end,1508875657918415
start,1508875657922217
end,1508875657922387
start,1508875657924508
end,1508875657924616
start,1508875657935038
end,1508875657935274
start,1508875657936155
end,1508875657936250
start,1508875657937141
end,1508875657964117
start,1508875657968075
end,1508875657968221
start,1508875657977572
end,1508875657977773
start,1508875657978484
end,1508875657978583
start,1508875657979935
end,1508875657980060
start,1508875657980948
end,1508875657981091
start,1508875657981795
end,1508875657981862
start,1508875657982628
end,1508875657982796
start,1508875657983633
end,1508875657983764
start,1508875657983854
end,1508875657983924
start,1508875657984016
end,1508875657984082
start,1508875657985814
end,1508875657985888
start,1508875657986642
end,1508875657986715
start,1508875657987400
end,1508875657987641
start,1508875657988182
end,1508875657988255
start,1508875657988809
end,1508875657988879
start,1508875657990003
end,1508875657990119
start,1508875657990858
end,1508875657990935
start,1508875657991574
end,1508875657991675
start,1508875657992496
end,1508875657992556
start,1508875657993126
end,1508875658002403
start,1508875658003217
end,1508875658003322
start,1508875658005662
end,1508875658005752
start,1508875658009175
end,1508875658009335
start,1508875658010056
end,1508875658010241
start,1508875658010949
end,1508875658017240
start,1508875658018657
end,1508875658018822
start,1508875658020019
end,1508875658020106
start,1508875658020727
end,1508875658020829
start,1508875658021569
end,1508875658021651
start,1508875658022351
end,1508875658022423
start,1508875658023129
end,1508875658023222
start,1508875658023962
end,1508875658024039
start,1508875658024883
end,1508875658024942
start,1508875658025642
end,1508875658029110
start,1508875658029874
end,1508875658029959
start,1508875658033527
end,1508875658033655
start,1508875658034661
end,1508875658037104
start,1508875658037718
end,1508875658041121
start,1508875658041824
end,1508875658041924
start,1508875658051906
end,1508875658052035
start,1508875658052856
end,1508875658052944
start,1508875658053727
end,1508875658053817
start,1508875658054528
end,1508875658054625
start,1508875658055184
end,1508875658055308
start,1508875658056001
end,1508875658064207
start,1508875658066498
end,1508875658087527
start,1508875658088382
end,1508875658101154
start,1508875658102338
end,1508875658102471
start,1508875658103285
end,1508875658103744
start,1508875658104355
end,1508875658104457
start,1508875658105246
end,1508875658105741
start,1508875658106469
end,1508875658108683
start,1508875658109472
end,1508875658109609
start,1508875658110461
end,1508875658113108
start,1508875658113929
end,1508875658124084
start,1508875658125267
end,1508875658125385
start,1508875658126121
end,1508875658126217
start,1508875658127908
end,1508875658129118
start,1508875658129910
end,1508875658133744
start,1508875658137059
end,1508875658137623
start,1508875658138564
end,1508875658138779
start,1508875658139729
end,1508875658139922
start,1508875658140896
end,1508875658141159
start,1508875658142050
end,1508875658142184
start,1508875658143054
end,1508875658143132
start,1508875658146546
end,1508875658146890
start,1508875658147566
end,1508875658149125
start,1508875658153802
end,1508875658153902
start,1508875658156995
end,1508875658157111
start,1508875658158112
end,1508875658161147
start,1508875658161922
end,1508875658165139
start,1508875658165928
end,1508875658166014
start,1508875658166809
end,1508875658166873
start,1508875658167512
end,1508875658173181
start,1508875658173856
end,1508875658175648
start,1508875658176929
end,1508875658177039
start,1508875658177997
end,1508875658178079
start,1508875658178945
end,1508875658179023
start,1508875658180039
end,1508875658180201
start,1508875658180963
end,1508875658185108
start,1508875658185981
end,1508875658186195
start,1508875658187163
end,1508875658187250
start,1508875658187899
end,1508875658187975
start,1508875658188446
end,1508875658188518
start,1508875658189171
end,1508875658193139
start,1508875658194443
end,1508875658194560
start,1508875658195285
end,1508875658195355
start,1508875658195983
end,1508875658201125
start,1508875658201835
end,1508875658204895
start,1508875658206009
end,1508875658206085
start,1508875658209811
end,1508875658209899
start,1508875658210712
end,1508875658215515
start,1508875658217868
end,1508875658217982
start,1508875658218849
end,1508875658219034
start,1508875658219801
end,1508875658219998
start,1508875658224774
end,1508875658241036
start,1508875658241918
end,1508875658254507
start,1508875658255379
end,1508875658261715
start,1508875658262680
end,1508875658263019
start,1508875658272575
end,1508875658273517
start,1508875658275250
end,1508875658279463
start,1508875658282451
end,1508875658289426
start,1508875658301074
end,1508875658304154
start,1508875658313275
end,1508875658317114
start,1508875658325845
end,1508875658328107
start,1508875658335409
end,1508875658335625
start,1508875658337695
end,1508875658337831
start,1508875658338924
end,1508875658339020
start,1508875658340009
end,1508875658340095
start,1508875658340974
end,1508875658341155
start,1508875658342032
end,1508875658342132
start,1508875658343041
end,1508875658343138
start,1508875658344117
end,1508875658352214
start,1508875658352799
end,1508875658354500
start,1508875658355652
end,1508875658355749
start,1508875658357992
end,1508875658358148
start,1508875658358930
end,1508875658359208
start,1508875658360011
end,1508875658360091
start,1508875658360849
end,1508875658360923
start,1508875658361689
end,1508875658361768
start,1508875658362486
end,1508875658362553
start,1508875658363408
end,1508875658363488
start,1508875658369266
end,1508875658369352
start,1508875658373841
end,1508875658374092
start,1508875658374952
end,1508875658375036
start,1508875658376346
end,1508875658376440
start,1508875658377414
end,1508875658377703
start,1508875658379036
end,1508875658379114
start,1508875658379942
end,1508875658380012
start,1508875658380868
end,1508875658380929
start,1508875658381695
end,1508875658388242
start,1508875658388927
end,1508875658389032
start,1508875658389868
end,1508875658397204
start,1508875658398253
end,1508875658398335
start,1508875658399062
end,1508875658403162
start,1508875658405115
end,1508875658405256
start,1508875658406268
end,1508875658406546
start,1508875658407760
end,1508875658407927
start,1508875658413992
end,1508875658420475
start,1508875658427863
end,1508875658434957
start,1508875658438692
end,1508875658438874
start,1508875658445625
end,1508875658451669
start,1508875658456114
end,1508875658457089
start,1508875658486931
end,1508875658487312
start,1508875658488908
end,1508875658495157
start,1508875658503506
end,1508875658503691
start,1508875658505127
end,1508875658505240
start,1508875658506640
end,1508875658515002
start,1508875658518742
end,1508875658518863
start,1508875658527998
end,1508875658528147
start,1508875658532317
end,1508875658532490
start,1508875658535474
end,1508875658553474
start,1508875658554363
end,1508875658561104
start,1508875658561768
end,1508875658565217
start,1508875658572253
end,1508875658572412
start,1508875658573543
end,1508875658573698
start,1508875658574501
end,1508875658574787
start,1508875658577979
end,1508875658581254
start,1508875658590772
end,1508875658597187
start,1508875658597932
end,1508875658598049
start,1508875658598721
end,1508875658613120
start,1508875658613967
end,1508875658617770
start,1508875658626682
end,1508875658629086
start,1508875658635074
end,1508875658638280
start,1508875658639356
end,1508875658640853
start,1508875658642257
end,1508875658642721
start,1508875658643675
end,1508875658643889
start,1508875658644914
end,1508875658645073
start,1508875658645857
end,1508875658645944
start,1508875658646779
end,1508875658646867
start,1508875658647517
end,1508875658647611
start,1508875658653947
end,1508875658654129
start,1508875658659155
end,1508875658659296
start,1508875658663418
end,1508875658663599
start,1508875658665171
end,1508875658665279
start,1508875658666645
end,1508875658666814
start,1508875658667625
end,1508875658667690
start,1508875658668592
end,1508875658668750
start,1508875658669738
end,1508875658669829
start,1508875658670771
end,1508875658671020
start,1508875658672005
end,1508875658672090
start,1508875658672774
end,1508875658672842
start,1508875658673679
end,1508875658677185
start,1508875658678311
end,1508875658678380
start,1508875658679279
end,1508875658679447
start,1508875658682897
end,1508875658683035
start,1508875658683919
end,1508875658683997
start,1508875658684638
end,1508875658684699
start,1508875658685654
end,1508875658685763
start,1508875658686335
end,1508875658689207
start,1508875658690095
end,1508875658693236
start,1508875658694326
end,1508875658694468
start,1508875658695452
end,1508875658695529
start,1508875658696491
end,1508875658696565
start,1508875658697617
end,1508875658697700
start,1508875658705791
end,1508875658706132
start,1508875658707193
end,1508875658707923
start,1508875658708787
end,1508875658708937
start,1508875658709935
end,1508875658710023
start,1508875658710984
end,1508875658711155
start,1508875658712090
end,1508875658712167
start,1508875658713177
end,1508875658714758
start,1508875658715851
end,1508875658717130
start,1508875658718010
end,1508875658718081
start,1508875658719113
end,1508875658719185
start,1508875658721092
end,1508875658721325
start,1508875658722203
end,1508875658722266
start,1508875658723248
end,1508875658723317
start,1508875658724224
end,1508875658724277
start,1508875658725237
end,1508875658725310
start,1508875658737814
end,1508875658737976
start,1508875658738871
end,1508875658738961
start,1508875658749957
end,1508875658750073
start,1508875658754915
end,1508875658755008
start,1508875658758245
end,1508875658758355
start,1508875658762850
end,1508875658763018
start,1508875658763733
end,1508875658769764
start,1508875658770618
end,1508875658770705
start,1508875658776669
end,1508875658776771
start,1508875658777610
end,1508875658777684
start,1508875658778566
end,1508875658778774
start,1508875658779651
end,1508875658779734
start,1508875658781868
end,1508875658781942
start,1508875658782855
end,1508875658782933
start,1508875658783798
end,1508875658783862
start,1508875658787741
end,1508875658788019
start,1508875658789204
end,1508875658789289
start,1508875658790417
end,1508875658790571
start,1508875658791525
end,1508875658793087
start,1508875658801905
end,1508875658802052
start,1508875658803023
end,1508875658803106
start,1508875658804042
end,1508875658804157
start,1508875658805134
end,1508875658805218
start,1508875658806106
end,1508875658806369
start,1508875658807551
end,1508875658807685
start,1508875658809251
end,1508875658809338
start,1508875658810353
end,1508875658813108
start,1508875658816687
end,1508875658816763
start,1508875658817699
end,1508875658817902
start,1508875658818864
end,1508875658818941
start,1508875658819693
end,1508875658821100
start,1508875658821900
end,1508875658825105
start,1508875658826016
end,1508875658826103
start,1508875658831721
end,1508875658831844
start,1508875658832898
end,1508875658832989
start,1508875658837296
end,1508875658841252
start,1508875658842315
end,1508875658842458
start,1508875658843416
end,1508875658843484
start,1508875658844380
end,1508875658844448
start,1508875658845435
end,1508875658845592
start,1508875658846454
end,1508875658846717
start,1508875658847810
end,1508875658853962
start,1508875658854801
end,1508875658854978
start,1508875658855848
end,1508875658855934
start,1508875658857107
end,1508875658857179
start,1508875658858453
end,1508875658861130
start,1508875658862285
end,1508875658862435
start,1508875658863148
end,1508875658873150
start,1508875658874088
end,1508875658874229
start,1508875658875227
end,1508875658875336
start,1508875658877899
end,1508875658878227
start,1508875658879348
end,1508875658879435
start,1508875658880369
end,1508875658880440
start,1508875658881318
end,1508875658881669
start,1508875658882511
end,1508875658882579
start,1508875658884291
end,1508875658884384
start,1508875658885359
end,1508875658885433
start,1508875658909407
end,1508875658913080
start,1508875658914338
end,1508875658914429
start,1508875658915419
end,1508875658915489
start,1508875658916587
end,1508875658916663
start,1508875658917784
end,1508875658917861
start,1508875658918893
end,1508875658918966
start,1508875658920099
end,1508875658920176
start,1508875658921078
end,1508875658921170
start,1508875658929428
end,1508875658930333
start,1508875658931470
end,1508875658931624
start,1508875658932664
end,1508875658933055
start,1508875658934354
end,1508875658934427
start,1508875658937304
end,1508875658948534
start,1508875658950321
end,1508875658950474
start,1508875658952661
end,1508875658953173
start,1508875658957285
end,1508875658957454
start,1508875658958692
end,1508875658965192
start,1508875658966533
end,1508875658970725
start,1508875658978489
end,1508875658982124
start,1508875658986062
end,1508875658988007
start,1508875658991533
end,1508875658993283
start,1508875658994304
end,1508875658997136
start,1508875658998314
end,1508875659001275
start,1508875659003140
end,1508875659003367
start,1508875659004330
end,1508875659004716
start,1508875659005660
end,1508875659005869
start,1508875659006700
end,1508875659013132
start,1508875659013987
end,1508875659014077
start,1508875659015974
end,1508875659016128
start,1508875659016851
end,1508875659016917
start,1508875659017843
end,1508875659018316
start,1508875659019467
end,1508875659020740
start,1508875659021697
end,1508875659023722
start,1508875659024528
end,1508875659024614
start,1508875659025396
end,1508875659029193
start,1508875659030123
end,1508875659030222
start,1508875659033877
end,1508875659033952
start,1508875659034726
end,1508875659037129
start,1508875659041176
end,1508875659046985
start,1508875659048015
end,1508875659048129
start,1508875659049983
end,1508875659051023
start,1508875659051164
end,1508875659051256
start,1508875659052251
end,1508875659052342
start,1508875659053305
end,1508875659057185
start,1508875659058042
end,1508875659058134
start,1508875659058969
end,1508875659059057
start,1508875659059890
end,1508875659059965
start,1508875659060755
end,1508875659061079
start,1508875659062145
end,1508875659062269
start,1508875659063761
end,1508875659075138
start,1508875659076679
end,1508875659078575
start,1508875659083485
end,1508875659083714
start,1508875659084676
end,1508875659084766
start,1508875659085665
end,1508875659085748
start,1508875659086578
end,1508875659086669
start,1508875659087245
end,1508875659087373
start,1508875659088432
end,1508875659088504
start,1508875659089409
end,1508875659089630
start,1508875659090561
end,1508875659095481
start,1508875659096807
end,1508875659096940
start,1508875659097899
end,1508875659103059
start,1508875659104425
end,1508875659105980
start,1508875659112407
end,1508875659112543
start,1508875659113553
end,1508875659113626
start,1508875659121392
end,1508875659121550
start,1508875659122744
end,1508875659122852
start,1508875659123967
end,1508875659124064
start,1508875659125145
end,1508875659125213
start,1508875659130235
end,1508875659130334
start,1508875659138853
end,1508875659139029
start,1508875659139909
end,1508875659139982
start,1508875659141063
end,1508875659141138
start,1508875659141891
end,1508875659142243
start,1508875659143012
end,1508875659143117
start,1508875659144190
end,1508875659147472
start,1508875659148523
end,1508875659148606
start,1508875659153742
end,1508875659153993
start,1508875659154750
end,1508875659161230
start,1508875659164059
end,1508875659164230
start,1508875659171898
end,1508875659172037
start,1508875659172972
end,1508875659185117
start,1508875659186056
end,1508875659186252
start,1508875659188978
end,1508875659189126
start,1508875659193977
end,1508875659194110
start,1508875659198011
end,1508875659198097
start,1508875659203362
end,1508875659203458
start,1508875659204372
end,1508875659213116
start,1508875659214049
end,1508875659214201
start,1508875659215167
end,1508875659215271
start,1508875659227009
end,1508875659227121
start,1508875659228232
end,1508875659234857
start,1508875659235698
end,1508875659235777
start,1508875659236584
end,1508875659236656
start,1508875659237442
end,1508875659237696
start,1508875659238520
end,1508875659238589
start,1508875659239449
end,1508875659239554
start,1508875659240325
end,1508875659244826
start,1508875659245872
end,1508875659253157
start,1508875659253982
end,1508875659256166
start,1508875659277341
end,1508875659277640
start,1508875659279629
end,1508875659280208
start,1508875659281143
end,1508875659281233
start,1508875659282170
end,1508875659282237
start,1508875659283164
end,1508875659283236
start,1508875659284119
end,1508875659284219
start,1508875659285160
end,1508875659286461
start,1508875659287390
end,1508875659287477
start,1508875659289452
end,1508875659294997
start,1508875659297671
end,1508875659297806
start,1508875659301884
end,1508875659301987
start,1508875659303241
end,1508875659304016
start,1508875659305178
end,1508875659305276
start,1508875659306335
end,1508875659306398
start,1508875659307311
end,1508875659309118
start,1508875659310006
end,1508875659313149
start,1508875659314346
end,1508875659316814
start,1508875659317959
end,1508875659318021
start,1508875659319017
end,1508875659321149
start,1508875659322341
end,1508875659322444
start,1508875659333386
end,1508875659333507
start,1508875659334638
end,1508875659334701
start,1508875659335815
end,1508875659335889
start,1508875659336746
end,1508875659336817
start,1508875659338207
end,1508875659338280
start,1508875659339429
end,1508875659339492
start,1508875659340783
end,1508875659340859
start,1508875659341874
end,1508875659343476
start,1508875659344192
end,1508875659344437
start,1508875659345820
end,1508875659345900
start,1508875659347301
end,1508875659347396
start,1508875659348601
end,1508875659348667
start,1508875659349734
end,1508875659349814
start,1508875659350831
end,1508875659350899
start,1508875659351967
end,1508875659352034
start,1508875659353117
end,1508875659353313
start,1508875659358239
end,1508875659358379
start,1508875659361834
end,1508875659361961
start,1508875659362546
end,1508875659367228
start,1508875659368275
end,1508875659368498
start,1508875659370200
end,1508875659370350
start,1508875659371235
end,1508875659373264
start,1508875659374188
end,1508875659374265
start,1508875659375071
end,1508875659375154
start,1508875659376090
end,1508875659377236
start,1508875659377993
end,1508875659381085
start,1508875659381882
end,1508875659385187
start,1508875659386176
end,1508875659386373
start,1508875659387387
end,1508875659387601
start,1508875659389895
end,1508875659389977
start,1508875659391838
end,1508875659391962
start,1508875659413311
end,1508875659413469
start,1508875659414380
end,1508875659414452
start,1508875659415385
end,1508875659417089
start,1508875659421899
end,1508875659422031
start,1508875659422667
end,1508875659433138
start,1508875659434146
end,1508875659434247
start,1508875659435417
end,1508875659435488
start,1508875659436534
end,1508875659438697
start,1508875659439509
end,1508875659445472
start,1508875659450582
end,1508875659450798
start,1508875659451713
end,1508875659451859
start,1508875659452914
end,1508875659457278
start,1508875659462059
end,1508875659462140
start,1508875659464050
end,1508875659465154
start,1508875659466205
end,1508875659466462
start,1508875659467489
end,1508875659469095
start,1508875659469879
end,1508875659469967
start,1508875659470786
end,1508875659471642
start,1508875659474048
end,1508875659474240
start,1508875659476307
end,1508875659476490
start,1508875659477550
end,1508875659477633
start,1508875659479535
end,1508875659479639
start,1508875659480725
end,1508875659480822
start,1508875659481870
end,1508875659497431
start,1508875659498434
end,1508875659501127
start,1508875659502157
end,1508875659505199
start,1508875659507857
end,1508875659509146
start,1508875659510841
end,1508875659512361
start,1508875659513239
end,1508875659517179
start,1508875659521112
end,1508875659527731
